"frequency","Period","SNPid","Phenotype","POPsize","CI_Lower","CI_Upper","Phenotype_original","SNP_Pheno"
0.8,"P1","rs13072744","Body height",5,0.375534629762525,0.96377589136757,"Body height","rs13072744___Body height"
0.91,"P2","rs13072744","Body height",6,0.43649717781353,0.969946630251693,"Body height","rs13072744___Body height"
0.75,"P3","rs13072744","Body height",16,0.505016834644912,0.89817932508787,"Body height","rs13072744___Body height"
0.11,"P1","rs258324","Body height",5,0.0362241086324301,0.624465370237475,"Body height","rs258324___Body height"
0.17,"P2","rs258324","Body height",6,0.0300533697483067,0.56350282218647,"Body height","rs258324___Body height"
0.09,"P3","rs258324","Body height",16,0.0111193447646425,0.283287375702989,"Body height","rs258324___Body height"
0.5,"P1","rs6845999","Body height",5,0.117620774232648,0.769275718723987,"Body height","rs6845999___Body height"
0.55,"P2","rs6845999","Body height",5,0.230724281276013,0.882379225767352,"Body height","rs6845999___Body height"
0.47,"P3","rs6845999","Body height",16,0.27999563610326,0.72000436389674,"Body height","rs6845999___Body height"
0.41,"P1","rs7043114","Body height",6,0.0967714111057805,0.700006684861608,"Body height","rs7043114___Body height"
0.5,"P2","rs7043114","Body height",7,0.250458364527657,0.84178014474853,"Body height","rs7043114___Body height"
0.47,"P3","rs7043114","Body height",16,0.27999563610326,0.72000436389674,"Body height","rs7043114___Body height"
0.7,"P1","rs7647190","Body height",5,0.375534629762525,0.96377589136757,"Body height","rs7647190___Body height"
1,"P2","rs7647190","Body height",5,0.565517535216825,1,"Body height","rs7647190___Body height"
0.75,"P3","rs7647190","Body height",16,0.505016834644912,0.89817932508787,"Body height","rs7647190___Body height"
0,"P1","rs1327827","Body height",7,0,0.354330435066687,"Body height","rs1327827___Body height"
0.07,"P2","rs1327827","Body height",7,0,0.354330435066687,"Body height","rs1327827___Body height"
0.16,"P3","rs1327827","Body height",16,0.0659159907142814,0.430088809619741,"Body height","rs1327827___Body height"
0.51,"P1","rs2351491","Body height",5,0.230724281276013,0.882379225767352,"Body height","rs2351491___Body height"
0.58,"P2","rs2351491","Body height",6,0.187616306482651,0.812383693517349,"Body height","rs2351491___Body height"
0.69,"P3","rs2351491","Body height",16,0.444043558347407,0.85835356145218,"Body height","rs2351491___Body height"
0.17,"P1","rs2542615","Body height",7,0.0256796243447436,0.513127829274319,"Body height","rs2542615___Body height"
0.28,"P2","rs2542615","Body height",7,0.0822189240040568,0.641065548167381,"Body height","rs2542615___Body height"
0.47,"P3","rs2542615","Body height",16,0.27999563610326,0.72000436389674,"Body height","rs2542615___Body height"
0.21,"P1","rs34298980","Body height",5,0.0362241086324301,0.624465370237475,"Body height","rs34298980___Body height"
0.31,"P2","rs34298980","Body height",5,0.117620774232648,0.769275718723987,"Body height","rs34298980___Body height"
0.41,"P3","rs34298980","Body height",16,0.230986524054924,0.668214436011881,"Body height","rs34298980___Body height"
0,"P1","rs4813800","Body height",5,3.13925294213494e-17,0.434482464783175,"Body height","rs4813800___Body height"
0.23,"P2","rs4813800","Body height",5,0.0362241086324301,0.624465370237475,"Body height","rs4813800___Body height"
0.56,"P3","rs4813800","Body height",16,0.331785563988119,0.769013475945076,"Body height","rs4813800___Body height"
0.09,"P1","rs62281815","Body height",7,0.0256796243447436,0.513127829274319,"Body height","rs62281815___Body height"
0.14,"P2","rs62281815","Body height",7,0.0256796243447436,0.513127829274319,"Body height","rs62281815___Body height"
0.48,"P3","rs62281815","Body height",16,0.27999563610326,0.72000436389674,"Body height","rs62281815___Body height"
0.48,"P1","rs11691869","Body height",5,0.117620774232648,0.769275718723987,"Body height","rs11691869___Body height"
0.59,"P3","rs11691869","Body height",16,0.331785563988119,0.769013475945076,"Body height","rs11691869___Body height"
0.5,"P1","rs12534093","Body height",6,0.187616306482651,0.812383693517349,"Body height","rs12534093___Body height"
0.81,"P3","rs12534093","Body height",16,0.569911190380259,0.934084009285719,"Body height","rs12534093___Body height"
0,"P1","rs2926701","Body height",6,0,0.390334287902165,"Body height","rs2926701___Body height"
0.44,"P3","rs2926701","Body height",16,0.230986524054924,0.668214436011881,"Body height","rs2926701___Body height"
0.5,"P1","rs4986172","Body height",6,0.187616306482651,0.812383693517349,"Body height","rs4986172___Body height"
0.62,"P3","rs4986172","Body height",16,0.386410405455027,0.815187674411364,"Body height","rs4986172___Body height"
0.09,"P1","rs6750795","Body height",6,0.0300533697483067,0.56350282218647,"Body height","rs6750795___Body height"
0.31,"P3","rs6750795","Body height",16,0.14164643854782,0.555956441652593,"Body height","rs6750795___Body height"
0.09,"P1","rs1541777","Body height",6,0.0300533697483067,0.56350282218647,"Body height, Body mass index","rs1541777___Body height"
0.5,"P3","rs1541777","Body height",16,0.27999563610326,0.72000436389674,"Body height, Body mass index","rs1541777___Body height"
0.4,"P2","rs11150745","Body height",5,0.117620774232648,0.769275718723987,"Body fat percentage, Body height, Type 2 diabetes mellitus","rs11150745___Body height"
0.57,"P3","rs11150745","Body height",16,0.331785563988119,0.769013475945076,"Body fat percentage, Body height, Type 2 diabetes mellitus","rs11150745___Body height"
0.22,"P2","rs13428823","Body height",7,0.0822189240040568,0.641065548167381,"Body height","rs13428823___Body height"
0.55,"P3","rs13428823","Body height",16,0.331785563988119,0.769013475945076,"Body height","rs13428823___Body height"
0.58,"P2","rs2401171","Body height",5,0.230724281276013,0.882379225767352,"Body height","rs2401171___Body height"
